{
    "version": "2.0.0",
    "tasks": [
        {
            "label": "build debug",
            "type": "process",
            "command": "C:/raylib/w64devkit/bin/mingw32-make.exe",
            "args": [
                "RAYLIB_PATH=C:/raylib/raylib",
                "PROJECT_NAME=${fileBasenameNoExtension}",
                "OBJS=*.cpp",
                "BUILD_MODE=DEBUG"
            ],
            "group": "build",
            "problemMatcher": ["$gcc"]
        },
        {
            "label": "build release",
            "type": "process",
            "command": "C:/raylib/w64devkit/bin/mingw32-make.exe",
            "args": [
                "RAYLIB_PATH=C:/raylib/raylib",
                "PROJECT_NAME=${fileBasenameNoExtension}",
                "OBJS=*.cpp"
            ],
            "problemMatcher": ["$gcc"],
            "group": {
                "kind": "build",
                "isDefault": false
            },
            "detail": "compiler: C:/raylib/w64devkit/bin/g++.exe"
        },
        {
            "type": "cppbuild",
            "label": "C/C++: g++.exe build active file",
            "command": "C:/raylib/w64devkit/bin/g++.exe",
            "args": [
                "-fdiagnostics-color=always",
                "-g",
                "${file}",
                "-o",
                "${fileDirname}/${fileBasenameNoExtension}.exe",
                "-I", "C:/raylib/raylib/src",   // includes raylib.h
                "-L", "C:/raylib/raylib/src",   // librairie raylib compilée
                "-lraylib",
                "-lopengl32",
                "-lgdi32",
                "-lwinmm",
                "-std=c++17"
            ],
            "options": {
                "cwd": "${fileDirname}"
            },
            "problemMatcher": ["$gcc"],
            "group": {
                "kind": "build",
                "isDefault": true
            },
            "detail": "Task generated by Debugger."
        }
    ]
}
